{"normal": {"0": 0.060575694778432644, "none": 0.060575694778432644, "1": 0.11727891470463231, "max_pool_3x3": 0.11727891470463231, "2": 0.13282826356987398, "avg_pool_3x3": 0.13282826356987398, "3": 0.008052130492278733, "skip_connect": 0.008052130492278733, "4": 0.5832007152942511, "conv_3x3": 0.5832007152942511, "5": 0.2501752450324309, "conv_1x1": 0.2501752450324309, "6": 0.5715472311116755, "dil_conv_3x3": 0.5715472311116755, "7": 1.148586893336131, "dil_conv_5x5": 1.148586893336131}, "reduction": {"0": 0.03726299811276393, "none": 0.03726299811276393, "1": 0.05644417003183984, "max_pool_3x3": 0.05644417003183984, "2": 0.04813711986533152, "avg_pool_3x3": 0.04813711986533152, "3": 0.22981794852978332, "skip_connect": 0.22981794852978332, "4": 0.2764462789302835, "conv_3x3": 0.2764462789302835, "5": 0.12337285730873165, "conv_1x1": 0.12337285730873165, "6": 0.25280027497875, "dil_conv_3x3": 0.25280027497875, "7": 0.4392573094201776, "dil_conv_5x5": 0.4392573094201776}, "upsample": {"0": 0.20062873517707563, "none": 0.20062873517707563, "1": 0.8478775936686075, "skip_connect": 0.8478775936686075, "2": 0.18634604178283073, "bilinear_upsample": 0.18634604178283073, "3": 1.364109989428176, "t_conv_3x3": 1.364109989428176, "4": 2.037265093112794, "t_conv_5x5": 2.037265093112794, "5": 1.746940517628422, "dil_t_conv_3x3_r4": 1.746940517628422, "6": 1.7494192047474475, "dil_t_conv_3x3_r6": 1.7494192047474475, "7": 1.7923497783398399, "dil_t_conv_3x3_r8": 1.7923497783398399}}