{"normal": {"0": 0.06039263530315545, "none": 0.06039263530315545, "1": 0.11472176477689154, "max_pool_3x3": 0.11472176477689154, "2": 0.13015151277979692, "avg_pool_3x3": 0.13015151277979692, "3": 0.008045420345053293, "skip_connect": 0.008045420345053293, "4": 0.638951170941958, "conv_3x3": 0.638951170941958, "5": 0.3722817494771802, "conv_1x1": 0.3722817494771802, "6": 0.6691895694426047, "dil_conv_3x3": 0.6691895694426047, "7": 1.2455373338277522, "dil_conv_5x5": 1.2455373338277522}, "reduction": {"0": 0.038252526553096966, "none": 0.038252526553096966, "1": 0.05644769746161855, "max_pool_3x3": 0.05644769746161855, "2": 0.04656946695707022, "avg_pool_3x3": 0.04656946695707022, "3": 0.22981989578143333, "skip_connect": 0.22981989578143333, "4": 0.36109094391877833, "conv_3x3": 0.36109094391877833, "5": 0.22756017409537274, "conv_1x1": 0.22756017409537274, "6": 0.3554373095814998, "dil_conv_3x3": 0.3554373095814998, "7": 0.545417504452169, "dil_conv_5x5": 0.545417504452169}, "upsample": {"0": 0.20063399279665628, "none": 0.20063399279665628, "1": 0.854398368497021, "skip_connect": 0.854398368497021, "2": 0.1864719146117568, "bilinear_upsample": 0.1864719146117568, "3": 1.47712174772987, "t_conv_3x3": 1.47712174772987, "4": 2.132801429447073, "t_conv_5x5": 2.132801429447073, "5": 1.7855271367344716, "dil_t_conv_3x3_r4": 1.7855271367344716, "6": 1.7874602252491392, "dil_t_conv_3x3_r6": 1.7874602252491392, "7": 1.825731168801968, "dil_t_conv_3x3_r8": 1.825731168801968}}